,Name,What,Citation (APA),Place of Description,Corresponding Authors,Link
33,Schistura kampucheensis,Loach,"Bohlen, Jörg, et al. ""Schistura kampucheensis, a new species of loach from Cambodia (Teleostei: Nemacheilidae)."" Ichthyological Exploration of Freshwaters 26.4 (2016): 353-362.",Cambodia,"Jörg Bohlen, Miloslav Petrtýl, Petra Chaloupková, and Chhouk Borin",http://www.pfeil-verlag.de/wp-content/uploads/2016/07/ief26_4_05.pdf
41,Porpax verrucosa,Plant,"x (2016). Porpax verrucosa (Orchidaceae), a new species from Cambodia. Kew Bulletin, 71(1), 4.",Cambodia,"Schuiteman, A.",https://link.springer.com/article/10.1007/s12225-016-9615-z
64,Garcinia bokorensis,Plant,"TOYAMA, H., TAGANE, S., CHHANG, P., NAGAMASU, H., & YAHARA, T. (2016). Flora of Bokor National Park, Cambodia III: A New Species, Garcinia bokorensis (Clusiaceae). Acta Phytotaxonomica et Geobotanica, 67(1), 47-53.",Cambodia,"TOYAMA, H., TAGANE, S., CHHANG, P., NAGAMASU, H., & YAHARA, T.",https://www.jstage.jst.go.jp/article/apg/67/1/67_KJ00010238486/_article
88,Euphorbia bokorensis,Plant,"Toyama, H., Tagane, S., Chhang, P., Nagamasu, H., & Yahara, T. (2016). Flora of Bokor National Park, Cambodia IV: A New Section and Species of Euphorbia Subgenus Euphorbia. Acta Phytotaxonomica et Geobotanica, 67(2), 83-96.",Cambodia,"Toyama, H., Tagane, S., Chhang, P., Nagamasu, H., & Yahara, T.",https://www.jstage.jst.go.jp/article/apg/67/2/67_201518/_article
94,Machilus bokorensis,Plant,"Yahara, T., Tagane, S., Mase, K., Chhang, P., & Toyama, H. (2016). Flora of Bokor National Park V: Two new species of Machilus (Lauraceae), M. bokorensis and M. brevipaniculata. PhytoKeys, (65), 35.",Cambodia,"Yahara, T., Tagane, S., Mase, K., Chhang, P., & Toyama, H.",https://www.ncbi.nlm.nih.gov/pmc/articles/PMC4957021/
95,Machilus brevipaniculata,Plant,"Yahara, T., Tagane, S., Mase, K., Chhang, P., & Toyama, H. (2016). Flora of Bokor National Park V: Two new species of Machilus (Lauraceae), M. bokorensis and M. brevipaniculata. PhytoKeys, (65), 35.",Cambodia,"Yahara, T., Tagane, S., Mase, K., Chhang, P., & Toyama, H.",https://www.ncbi.nlm.nih.gov/pmc/articles/PMC4957021/
19,Cyrtodactylus rufford,Bent-toed Gecko,"Luu, Vinh Quang, et al. ""Cyrtodactylus rufford, a new cave-dwelling bent-toed gecko (Squamata: Gekkonidae) from Khammouane Province, central Laos."" Zootaxa 4067.2 (2016): 185-199.",Laos,"VINH QUANG LUU, THOMAS CALAME, TRUONG QUANG Nguyen, MINH DUC LE, MICHAEL BONKOWSKI, THOMAS ZIEGLER",https://biotaxa.org/Zootaxa/article/view/zootaxa.4067.2.4
22,Cyrtodactylus bansocensis,Bent-toed Gecko,"Luu, Vinh Quang, et al. ""A new species of karst-dwelling bent-toed gecko (Squamata: Gekkonidae) from Khammouane Province, central Laos."" Zootaxa 4079.1 (2016): 87-102.",Laos,"VINH QUANG LUU, Truong QUang Nguyen, MINH DUC LE, MICHAEL BONKOWSKI, THOMAS ZIEGLER",https://biotaxa.org/Zootaxa/article/view/zootaxa.4079.1.6
32,Begonia togashii,Plant,"Tanaka, Nobuyuki, and Ching-I. Peng. ""Begonia togashii (Begoniaceae: sect. Platycentrum), a new species from central Myanmar."" Acta Phytotaxonomica et Geobotanica 67.3 (2016): 191-197.",Myanmar,"Nobuyuki Tanaka, Ching-I Peng",https://www.jstage.jst.go.jp/article/apg/67/3/67_201608/_article
13,Zingiber skornickovae,Plant,"LÝ, NGỌC-SÂM. ""Zingiber skornickovae, a new species of Zingiberaceae from Central Vietnam."" Phytotaxa 265.2 (2016): 139-144.",Vietnam,NGỌC-SÂM LÝ,https://biotaxa.org/Phytotaxa/article/view/phytotaxa.265.2.5
26,Etlingera poulseni,Plant,"Leong-Škorničková, J., et al. ""Etlingera poulsenii and Hornstedtia bella (Zingiberaceae: Alpinieae), two new species from central Vietnam."" Gard. Bull. Singap 68 (2016): 287-297.",Vietnam,"J. Leong-Škorničková, Q.B. Nguyễn, H.Đ. Trần & E. Závesk",https://www.sbg.org.sg/images/4_4_Research_Gardens_Bulletin/4_4_68_2_pdf_Vol_68_Part_2_2016/4_4_68_2_287_y2016_V68P2_GBS_pg287.pdf
27,Hornstedtia bella ,Plant,"Leong-Škorničková, J., et al. ""Etlingera poulsenii and Hornstedtia bella (Zingiberaceae: Alpinieae), two new species from central Vietnam."" Gard. Bull. Singap 68 (2016): 287-297.",Vietnam,"J. Leong-Škorničková, Q.B. Nguyễn, H.Đ. Trần & E. Závesk",https://www.sbg.org.sg/images/4_4_Research_Gardens_Bulletin/4_4_68_2_pdf_Vol_68_Part_2_2016/4_4_68_2_287_y2016_V68P2_GBS_pg287.pdf
21,Callicarpa bachmaensis ,Plant (shrub),"Soejima, Akiko, et al. ""Callicarpa bachmaensis Soejima & Tagane (Lamiaceae), a new species from Bach Ma National Park in Thua Thien Hue Province, Central Vietnam."" PhytoKeys 62 (2016): 33.",Vietnam,"Akiko Soejima, Shuichiro Tagane, Ngoc Nguyen Van, Chinh Nguyen Duy, Nguyen Thi Thanh Huong, and Tetsukazu Yahara",https://www.ncbi.nlm.nih.gov/pmc/articles/PMC4856901/
61,Theloderma sp.,Frog,"Sivongxay, N., Davankham, M., Phimmachak, S., Phoumixay, K., & Stuart, B. L. (2016). A new small-sized Theloderma (Anura: Rhacophoridae) from Laos. Zootaxa, 4147(4), 433-442.",Laos,"Sivongxay, N., Davankham, M., Phimmachak, S., Phoumixay, K., & Stuart, B. L.",https://biotaxa.org/Zootaxa/article/view/zootaxa.4147.4.5
58,Cyrtodactylus calamei,Gecko,"Luu, V. Q., Bonkowski, M. I. C. H. A. E. L., Nguyen, T. Q., Le, M. D., Schneider, N. I. C. O. L. E., Ngo, H. T., & Ziegler, T. (2016). Evolution in karst massifs: Cryptic diversity among bent-toed geckos along the Truong Son Range with descriptions of three new species and one new country record from Laos. Zootaxa, 4107(2), 101-140.",Laos,"Luu, V. Q., Bonkowski, M. I. C. H. A. E. L., Nguyen, T. Q., Le, M. D., Schneider, N. I. C. O. L. E., Ngo, H. T., & Ziegler, T.",https://www.rufford.org/files/Zootaxa%204107%20(2)%20101%E2%80%93140.pdf
59,Cyrtodactylus hinnamnoensis,Gecko,"Luu, V. Q., Bonkowski, M. I. C. H. A. E. L., Nguyen, T. Q., Le, M. D., Schneider, N. I. C. O. L. E., Ngo, H. T., & Ziegler, T. (2016). Evolution in karst massifs: Cryptic diversity among bent-toed geckos along the Truong Son Range with descriptions of three new species and one new country record from Laos. Zootaxa, 4107(2), 101-140.",Laos,"Luu, V. Q., Bonkowski, M. I. C. H. A. E. L., Nguyen, T. Q., Le, M. D., Schneider, N. I. C. O. L. E., Ngo, H. T., & Ziegler, T.",https://www.rufford.org/files/Zootaxa%204107%20(2)%20101%E2%80%93140.pdf
60,Cyrtodactylus  sommerladi ,Gecko,"Luu, V. Q., Bonkowski, M. I. C. H. A. E. L., Nguyen, T. Q., Le, M. D., Schneider, N. I. C. O. L. E., Ngo, H. T., & Ziegler, T. (2016). Evolution in karst massifs: Cryptic diversity among bent-toed geckos along the Truong Son Range with descriptions of three new species and one new country record from Laos. Zootaxa, 4107(2), 101-140.",Laos,"Luu, V. Q., Bonkowski, M. I. C. H. A. E. L., Nguyen, T. Q., Le, M. D., Schneider, N. I. C. O. L. E., Ngo, H. T., & Ziegler, T.",https://www.rufford.org/files/Zootaxa%204107%20(2)%20101%E2%80%93140.pdf
55,Peliosanthes inaperta,Plant,"Averyanov, L. V., Tanaka, N., Nguyen, K. S., & Nguyen, T. H. (2016). New Species of Ophiopogon and Peliosanthes (Asparagaceae) from Laos and Vietnam. Taiwania, 61(3), 201-217.",Laos,"Averyanov, L. V., Tanaka, N., Nguyen, K. S., & Nguyen, T. H.",http://tai2.ntu.edu.tw/taiwania/abstract.php?id=1458
96,Peliosanthes separata,Plant,"Vislobokov, N. A. (2016). Peliosanthes separata (Asparagaceae), a new species from Laos with rare structure of androecium. Phytotaxa, 275(2), 186-188.",Laos,"Vislobokov, N. A.",https://biotaxa.org/Phytotaxa/article/view/phytotaxa.275.2.11
108,Argostemma laotica (Rubiaceae),Plant,"Argostemma laotica (Rubiaceae), a new species from Laos. Phytotaxa. 270. 223. 10.11646/phytotaxa.270.3.7. ",Laos,"SOULIVANH LANORSAVANH, PRANOM CHANTARANOTHAI",http://dx.doi.org/10.11646/phytotaxa.270.3.7
54,Ophiopogon patulus,Plant,"Averyanov, L. V., Tanaka, N., Nguyen, K. S., & Nguyen, T. H. (2016). New Species of Ophiopogon and Peliosanthes (Asparagaceae) from Laos and Vietnam. Taiwania, 61(3), 201-217.",Laos ,"Averyanov, L. V., Tanaka, N., Nguyen, K. S., & Nguyen, T. H.",http://tai2.ntu.edu.tw/taiwania/abstract.php?id=1458
1,Aspidistra sinensis,Plant,"Averyanov, L. V. and Tillich, H.-J. (2016), Aspidistra anomala, A. elegans and A. sinensis spp. nov. (Asparagaceae, Convallariaceae s.s.) from China, Laos and Vietnam. Nordic Journal of Botany, 34: 141–147. doi:10.1111/njb.01014","Laos, China, Vietnam","Leonid V. Averyanov, H.-J Tillich",http://onlinelibrary.wiley.com/doi/10.1111/njb.01014/full
2,Aspidistra anomala,Plant,"Averyanov, L. V. and Tillich, H.-J. (2016), Aspidistra anomala, A. elegans and A. sinensis spp. nov. (Asparagaceae, Convallariaceae s.s.) from China, Laos and Vietnam. Nordic Journal of Botany, 34: 141–147. doi:10.1111/njb.01014","Laos, China, Vietnam","Leonid V. Averyanov, H.-J Tillich",http://onlinelibrary.wiley.com/doi/10.1111/njb.01014/full
3,Aspidistra elegans,Plant,"Averyanov, L. V. and Tillich, H.-J. (2016), Aspidistra anomala, A. elegans and A. sinensis spp. nov. (Asparagaceae, Convallariaceae s.s.) from China, Laos and Vietnam. Nordic Journal of Botany, 34: 141–147. doi:10.1111/njb.01014","Laos, China, Vietnam","Leonid V. Averyanov, H.-J Tillich",http://onlinelibrary.wiley.com/doi/10.1111/njb.01014/full
103,Amorphophallus kienluongensis (Araceae),Plant,"Blumea - Biodiversity, Evolution and Biogeography of Plants, Volume 61, Number 1, 2016, pp. 1-3(3)",Vietnam,"Nguyen, V.D.; Luu, H.T.; Nguyen, Q.D.; Hetterscheid, W.L.A.",https://doi.org/10.3767/000651916X690395
42,Limnonectes longchuanensis,Frog,"Suwannapoom, C., Yuan, Z. Y., Chen, J. M., Hou, M., Zhao, H. P., Wang, L. J., ... & Mcleod, D. S. (2016). Taxonomic revision of the Chinese Limnonectes (Anura, Dicroglossidae) with the description of a new species from China and Myanmar. Zootaxa, 4093(2), 181-200.",Myanmar,"CHATMONGKON SUWANNAPOOM, ZHI-YONG YUAN, JIN-MIN CHEN, MIAN HOU, HAI-PENG ZHAO, LI-JUN WANG, TRUONG SON NGUYEN, TRUONG Q. NGUYEN, ROBERT W. MURPHY, JAQUELINE SULLIVAN, DAVID S. MCLEOD, JING CHE
",https://biotaxa.org/Zootaxa/article/view/zootaxa.4093.2.2
106,"Neottia (Orchidaceae, Epidendroideae)",Plant,"Phytotaxa, [S.l.], v. 289, n. 3, p. 291–295, dec. 2016. ISSN 1179-3163. Available at: <https://biotaxa.org/Phytotaxa/article/view/phytotaxa.289.3.10>. Date accessed: 10 nov. 2017. doi:http://dx.doi.org/10.11646/phytotaxa.289.3.10.",Myanmar ,"JIN, XIAO-HUA; PANG, HONG-BO.",doi.org/10.11646/phytotaxa.289.3.10
25,Homalium glandulosum,Plant,"Tagane, Shuichiro, et al. ""Homalium glandulosum (Salicaceae), a new species from Vu Quang National Park, North Central Vietnam."" PhytoKeys 58 (2016): 97.",Vietnam,"Shuichiro Tagane, Viet Hung Nguyen, Nguyen Van Ngoc, Hoang Thanh Son, Hironori Toyama, Chen-Jui Yang, and Tetsukazu Yahara",https://www.ncbi.nlm.nih.gov/pmc/articles/PMC4743018/
30,Theloderma annae,Frog,"NGO, HAI NGOC, and THOMAS ZIEGLER. ""A new species of Theloderma (Amphibia: Anura: Rhacophoridae) from Vietnam."" Zootaxa 4168.1 (2016): 171-186.",Vietnam,"Truong Quang Nguyen, Cuong The Pham, Tao Thien Nguyen, Hai Ngoc Ngo, and Thoomas Ziegler",http://www.vast.ac.vn/images/Minhtam/Nam2016/Tinkhoahoc16/Theloderma%20annae%20Nguyen%20et%20al.%202016_low-1.pdf
14,Leptolalax ardens,Frog,"Rowley, Jodi JL, et al. ""Five new, microendemic Asian Leaf-litter Frogs (Leptolalax) from the southern Annamite mountains, Vietnam."" Zootaxa 4085.1 (2016): 63-102.",Vietnam,"Pedro Peloso, Truong Nguyen, Tao Thien Nguyen, Huy Doc Huang",https://www.researchgate.net/profile/Truong_Nguyen2/publication/301789014_Five_new_Leptolalax_from_Vietnam_Rowley_et_al_2016_low/links/57286b9708ae262228b5ded1/Five-new-Leptolalax-from-Vietnam-Rowley-et-al-2016-low.pdf
15,Leptolalax kalonensis,Frog,"Rowley, Jodi JL, et al. ""Five new, microendemic Asian Leaf-litter Frogs (Leptolalax) from the southern Annamite mountains, Vietnam."" Zootaxa 4085.1 (2016): 63-102.",Vietnam,"Pedro Peloso, Truong Nguyen, Tao Thien Nguyen, Huy Doc Huang",https://www.researchgate.net/profile/Truong_Nguyen2/publication/301789014_Five_new_Leptolalax_from_Vietnam_Rowley_et_al_2016_low/links/57286b9708ae262228b5ded1/Five-new-Leptolalax-from-Vietnam-Rowley-et-al-2016-low.pdf
16,Leptolalax pallidus,Frog,"Rowley, Jodi JL, et al. ""Five new, microendemic Asian Leaf-litter Frogs (Leptolalax) from the southern Annamite mountains, Vietnam."" Zootaxa 4085.1 (2016): 63-102.",Vietnam,"Pedro Peloso, Truong Nguyen, Tao Thien Nguyen, Huy Doc Huang",https://www.researchgate.net/profile/Truong_Nguyen2/publication/301789014_Five_new_Leptolalax_from_Vietnam_Rowley_et_al_2016_low/links/57286b9708ae262228b5ded1/Five-new-Leptolalax-from-Vietnam-Rowley-et-al-2016-low.pdf
17,Leptolalax maculosus,Frog,"Rowley, Jodi JL, et al. ""Five new, microendemic Asian Leaf-litter Frogs (Leptolalax) from the southern Annamite mountains, Vietnam."" Zootaxa 4085.1 (2016): 63-102.",Vietnam,"Pedro Peloso, Truong Nguyen, Tao Thien Nguyen, Huy Doc Huang",https://www.researchgate.net/profile/Truong_Nguyen2/publication/301789014_Five_new_Leptolalax_from_Vietnam_Rowley_et_al_2016_low/links/57286b9708ae262228b5ded1/Five-new-Leptolalax-from-Vietnam-Rowley-et-al-2016-low.pdf
18,Leptolalax tadugensis,Frog,"Rowley, Jodi JL, et al. ""Five new, microendemic Asian Leaf-litter Frogs (Leptolalax) from the southern Annamite mountains, Vietnam."" Zootaxa 4085.1 (2016): 63-102.",Vietnam,"Pedro Peloso, Truong Nguyen, Tao Thien Nguyen, Huy Doc Huang",https://www.researchgate.net/profile/Truong_Nguyen2/publication/301789014_Five_new_Leptolalax_from_Vietnam_Rowley_et_al_2016_low/links/57286b9708ae262228b5ded1/Five-new-Leptolalax-from-Vietnam-Rowley-et-al-2016-low.pdf
4,Aspidistra cylindrica,Plant,"Vislobokov, Nikolay A., et al. ""Aspidistra cylindrica (Asparagaceae), a new species from southern Vietnam."" Systematic Botany (2016).",Vietnam,"Nikolay A. Vislobokov , Maxim S. Nuraliev , Andrey N. Kuznetsov , and Svetlana P. Kuznetsova ",http://www.bioone.org/doi/abs/10.1600/036364416X690750?journalCode=sbot
10,Aspidistra globosa,Plant,"Vislobokov, Nikolay A., et al. ""Aspidistra globosa (Asparagaceae, Nolinoideae), a new species with erect stem from southern Vietnam."" Phytotaxa 282.1 (2016): 46-52.",Vietnam,"NIKOLAY A. VISLOBOKOV, MAXIM S. NURALIEV, ANDREY N. KUZNETSOV, SVETLANA P. KUZNETSOVA",https://biotaxa.org/Phytotaxa/article/view/phytotaxa.282.1.5
12,Aspidistra obtusata,plant,"Vislobokov, Nikolay A. ""Aspidistra obtusata sp. nov.(Asparagaceae) from Vietnam."" Nordic Journal of Botany 34.6 (2016): 694-698.",Vietnam,Nikolay A. Vislobokov,http://onlinelibrary.wiley.com/doi/10.1111/njb.01227/full
20,Phlegmariurus lancifolius ,Plant,"Duy, Nong Van, et al. ""A new combination and a new species in Phlegmariurus (Herter) Holub (Lycopodiaceae) from Southern Vietnam."" Adansonia 38.2 (2016): 151-157.",Vietnam,"Nong Van Duy , Tran Thai Vinh, Hoang Nghia Nguyen, Tien Chinh Vu, Le Ngoc Trieu, Hoang Viet HAU and Van Tien Tran",http://www.bioone.org/doi/abs/10.5252/a2016n2a1
31,Cyrtodactylus phetchaburiensis ,Bent-Toed Gecko,"Pauwels, Olivier SG, Montri Sumontha, and Aaron M. Bauer. ""A new Bent-toed Gecko (Squamata: Gekkonidae: Cyrtodactylus) from Phetchaburi Province, Thailand."" Zootaxa 4088.3 (2016): 409-419.",Thailand,"OLIVIER S. G. PAUWELS, MONTRI SUMONTHA, Aaron M. Bauer",https://biotaxa.org/Zootaxa/article/view/zootaxa.4088.3.6
72,Fejervarya chiangmaiensis,Frog,"Suwannapoom, C., Zhi-Yong, Y. U. A. N., Poyarkov Jr, N. A., Fang, Y. A. N., Kamtaeja, S., Murphy, R. W., & Jing, C. H. E. (2016). A new species of genus Fejervarya (Anura: Dicroglossidae) from northern Thailand. Zoological research, 37(6), 327.",Thailand,"Suwannapoom, C., Zhi-Yong, Y. U. A. N., Poyarkov Jr, N. A., Fang, Y. A. N., Kamtaeja, S., Murphy, R. W., & Jing, C. H. E.",https://www.ncbi.nlm.nih.gov/pmc/articles/PMC5359320/
110,"legskate, Sinobatis andamanensis (Rajiformes: Anacanthobatidae)",legskate (fish),"Zootaxa, [S.l.], v. 4168, n. 1, p. 161–170, sep. 2016. ISSN 1175-5334. Available at: <https://biotaxa.org/Zootaxa/article/view/zootaxa.4168.1.9>. Date accessed: 10 nov. 2017. ",Thailand,"PETER R. LAST, SOMCHAI BUSSARAWIT",https://biotaxa.org/Zootaxa/article/view/zootaxa.4168.1.9 
49,Argyreia ankylophlebia,Plant,"Traiperm, P., & Staples, G. W. (2016). Three New Species of Argyreia (Convolvulaceae) from Thailand. Systematic Botany, 41(4), 1020-2027.",Thailand,"Traiperm, P., & Staples, G. W.",http://www.bioone.org/doi/abs/10.1600/036364416X694143
50,Argyreia dokmaihom,Plant,"Traiperm, P., & Staples, G. W. (2016). Three New Species of Argyreia (Convolvulaceae) from Thailand. Systematic Botany, 41(4), 1020-2027.",Thailand,"Traiperm, P., & Staples, G. W.",http://www.bioone.org/doi/abs/10.1600/036364416X694143
51,Argyreia inaequisepala ,Plant,"Traiperm, P., & Staples, G. W. (2016). Three New Species of Argyreia (Convolvulaceae) from Thailand. Systematic Botany, 41(4), 1020-2027.",Thailand,"Traiperm, P., & Staples, G. W.",http://www.bioone.org/doi/abs/10.1600/036364416X694143
63,Begonia khaophanomensis,Plant,"Phutthai, T., & Hughes, M. (2016). A new species and a new record in Begonia sect. Platycentrum (Begoniaceae) from Thailand. Gardens’ Bulletin Singapore, 68(01), 99.",Thailand,"Phutthai, T., & Hughes, M.",https://www.sbg.org.sg/images/4_4_Research_Gardens_Bulletin/4_4_68_1_pdf_Vol_68_Part_1_2016/4_4_68_1_99_y2016_V68P1_GBS_pg99.pdf
68,Tetrastigma calcicola,Plant,"Kochaiphat, P., Trias-Blasi, A., & Pornpongrungrueng, P. (2016). Two new species of Tetrastigma (Miq.) Planch.(Vitaceae) from Thailand. European Journal of Taxonomy, (201).",Thailand,"Kochaiphat, P., Trias-Blasi, A., & Pornpongrungrueng, P.",http://www.europeanjournaloftaxonomy.eu/index.php/ejt/article/view/324
69,Tetrastigma jaichagunii,Plant,"Kochaiphat, P., Trias-Blasi, A., & Pornpongrungrueng, P. (2016). Two new species of Tetrastigma (Miq.) Planch.(Vitaceae) from Thailand. European Journal of Taxonomy, (201).",Thailand,"Kochaiphat, P., Trias-Blasi, A., & Pornpongrungrueng, P.",http://www.europeanjournaloftaxonomy.eu/index.php/ejt/article/view/324
75,Hanguana thailandica,Plant,"Wijedasa, L. S., Niissalo, M. A., Chamchumroom, V., Puudjaa, P., Jumruschay, T., & Boyce, P. C. (2016). Hanguana thailandica (Hanguanaceae): a new peat swamp forest species from Thailand. Phytotaxa, 280(2), 195-199.",Thailand,"Wijedasa, L. S., Niissalo, M. A., Chamchumroom, V., Puudjaa, P., Jumruschay, T., & Boyce, P. C.",https://biotaxa.org/Phytotaxa/article/view/phytotaxa.280.2.10
77,Garcinia nuntasaenii,Plant,"Ngernsaengsaruay, C., & Suddee, S. (2016). Garcinia nuntasaenii (Clusiaceae), a new species from Thailand. Thai Forest Bulletin (Botany), 44(2), 134-139.",Thailand,"Ngernsaengsaruay, C., & Suddee, S.",https://www.tci-thaijo.org/index.php/ThaiForestBulletin/article/view/68784
78,Lysimachia kraduengensis,Plant,"SUDDEE, S. R., YAHARA, T., & UTTERIDGE, T. (2016). Lysimachia kraduengensis (Primulaceae), a new species from northeastern Thailand.",Thailand,"SUDDEE, S. R., YAHARA, T., & UTTERIDGE, T.",https://www.researchgate.net/profile/Timothy_Utteridge/publication/311766834_Lysimachia_kraduengensis_Primulaceae_a_new_species_from_northeastern_Thailand/links/58596b3208ae64cb3d49402e.pdf
82,Corybas geminigibbus,Plant,"Chantanaorrapint, S., & Chantanaorrapint, A. (2016). Corybas geminigibbus (Orchidaceae), a new species record for Thailand. Thai Forest Bulletin (Botany), 44(1), 11-14.",Thailand,"Chantanaorrapint, S., & Chantanaorrapint, A.",https://www.tci-thaijo.org/index.php/ThaiForestBulletin/article/download/53453/53428
84,Pleocnemia siamensis,Plant,"Xu, X. G., & Zhang, L. B. (2016). Pleocnemia siamensis (Dryopteridaceae), a new fern species from southern Thailand. Phytotaxa, 289(1), 88-92.",Thailand,"Xu, X. G., & Zhang, L. B.",https://biotaxa.org/Phytotaxa/article/view/phytotaxa.289.1.8
85,Chionanthus gardneriorum,Plant,"Kiew, R., Gardner, S., & Sidisunthorn, P. (2016). Two new species of Chionanthus (Oleaceae) from Southern Thailand. Thai Forest Bulletin (Botany), 44(2), 125-127.",Thailand,"Kiew, R., Gardner, S., & Sidisunthorn, P.",https://www.tci-thaijo.org/index.php/ThaiForestBulletin/article/view/68294
86,Chionanthus pyriformis,Plant,"Kiew, R., Gardner, S., & Sidisunthorn, P. (2016). Two new species of Chionanthus (Oleaceae) from Southern Thailand. Thai Forest Bulletin (Botany), 44(2), 125-127.",Thailand,"Kiew, R., Gardner, S., & Sidisunthorn, P.",https://www.tci-thaijo.org/index.php/ThaiForestBulletin/article/view/68294
87,Abutilon substellatum,Plant,"PHUPHATHANAPHoNg, L., & Poopath, M. (2016). A new species of Abutilon (Malvaceae-Malvoideae) from Thailand. Thai Forest Bulletin (Botany), 44(1), 45-48.",Thailand,"PHUPHATHANAPHoNg, L., & Poopath, M.",https://www.tci-thaijo.org/index.php/ThaiForestBulletin/article/download/59438/56002
89,Vincetoxicum siamicum,Plant,"Kidyoo, A. (2016). Vincetoxicum siamicum sp. nov.(Asclepiadeae, Asclepiadoideae, Apocynaceae), a rheophyte from northeastern Thailand and preliminary observation on its in situ pollen germination. Phytotaxa, 289(1), 49-58.",Thailand,"Kidyoo, A.",https://biotaxa.org/Phytotaxa/article/view/phytotaxa.289.1.3
114,Callerya chlorantha,Plant,"Sirichamorn, Y., Balslev, H., & Mattapha, S. (2016). Two new species of Callerya Endl.(Leguminosae: Papilionoideae) from Thailand. Phytotaxa, 263(1), 42-50.",Thailand,"Sirichamorn, Y., Balslev, H., & Mattapha, S.",https://www.researchgate.net/profile/Yotsawate_Sirichamorn/publication/307139236_Phytotaxa_Sirichamorn/links/57c2cd3008aeb95224db99a2.pdf
34,Macrobrachium spelaeus,Prawn,,Thailand,"Yixiong Cai, Chavalit Vidthayanon",https://www.researchgate.net/profile/Chavalit_Vidthayanon/publication/305409610_Macrobrachium_spelaeus_a_new_species_of_stygobitic_freshwater_prawn_from_Thailand_Decapoda_Palaemonidae/links/5915710baca27200fe4ec7fd/Macrobrachium-spelaeus-a-new-species-of-stygobitic-freshwater-prawn-from-Thailand-Decapoda-Palaemonidae.pdf
83,Malayemys isan,Turtle,"Brophy, T. R., Sumontha, M., Kunya, K., Wiboonatthapol, S., & Pauwels, O. S. (2016). A New Snail-Eating Turtle of the Genus Malayemys Lindholm, 1931 (Geoemydidae) from Thailand and Laos.",Thailand,"Brophy, T. R., Sumontha, M., Kunya, K., Wiboonatthapol, S., & Pauwels, O. S.",http://digitalcommons.liberty.edu/bio_chem_fac_pubs/120/?utm_source=digitalcommons.liberty.edu%2Fbio_chem_fac_pubs%2F120&utm_medium=PDF&utm_campaign=PDFCoverPages
102,ACTEPHILA SACCATA (PHYLLANTHACEAE),Plant,"van-Welzen P, Heijkoop M. Actephila saccata (Phyllanthaceae), a new species from Thailand. Thai Forest Bulletin (Botany) [Internet]. 2016 Nov 29; [Cited 2017 Nov 10]; 44(2):[about 2 p.]. Available from: https://www.tci-thaijo.org/index.php/ThaiForestBulletin/article/view/62383",Thailand ,"Peter C. van Welzen, Marcel Heijkoop",http://dx.doi.org/10.20531/tfb.2016.44.2.02	
104,Coelogyne ventrinigra (Orchidaceae),Plant,© 2016 The Forest Herbarium,Thailand ,"ED DE VOGEL
PIYAKASET SUKSATHAN
THITIPORN PINGYOT
HASACHAI BOONNUANG
 & SANTI WATTHANA",https://www.tci-thaijo.org/index.php/ThaiForestBulletin/article/download/63401/56003
105,Syzygium sirindhorniae (Myrtaceae),Plant,"Syzygium sirindhorniae (Myrtaceae), a new species from Thailand
Phytotaxa, [S.l.], v. 289, n. 2, p. 193–196, dec. 2016. ISSN 1179-3163. Available at: <https://biotaxa.org/Phytotaxa/article/view/phytotaxa.289.2.10>. Date accessed: 10 nov. 2017.",Thailand ,"PRANOM CHANTARANOTHAI, PIYAKASET SUKSATHAN, METHEE WONGNAK",http://dx.doi.org/10.11646/phytotaxa.289.2.10
107,GLYCOSMIS SUBEROSA (RUTACEAE),Plant,"TOYAMA, Hironori et al. Glycosmis suberosa (Rutaceae), a new species from Khao Luang National Park, Peninsular Thailand. Thai Forest Bulletin (Botany), [S.l.], v. 44, n. 2, p. 116-121, dec. 2016. ISSN 2465-423x. ",Thailand ,"Hironori Toyama, Sukid Rueangruea, Shuichiro Tanage, Akiyo Naiki, Hidetoshi Nagamasu, Somran Suddee, Tetsukazu Yahara",http://dx.doi.org/10.20531/tfb.2016.44.2.05
109,Nepenthes (Nepenthaceae),Plant,"Thai Forest Bulletin (Botany), [S.l.], v. 44, n. 2, p. 128-133, dec. 2016. ISSN 2465-423x",Thailand ,"SUNYA NUANLAONG
, SARAYUT ONSANIT
, VUTTHIPONG CHUSANGRACH
 & POTJAMARN SURANINPONG",http://www.dnp.go.th/botany/PDF/TFB/TFB44(1-2)/TFB44_2_8_Nepenthes.pdf
111,Desmodium (Leguminosae; tribe Desmodieae),Plant,"Phytotaxa, [S.l.], v. 263, n. 2, p. 154–160, june 2016. ISSN 1179-3163. Available at: <https://biotaxa.org/Phytotaxa/article/view/phytotaxa.263.2.8>. Date accessed: 10 nov. 2017. ",Thailand ,"WITSANU SAISORN, HENRIK BALSL, PRANOM CHANTARANOTHAI",doi.org/10.11646/phytotaxa.263.2.8
115,Callerya tenasserimensis,Plant,"Sirichamorn, Y., Balslev, H., & Mattapha, S. (2016). Two new species of Callerya Endl.(Leguminosae: Papilionoideae) from Thailand. Phytotaxa, 263(1), 42-50.",Thailand ,"Sirichamorn, Y., Balslev, H., & Mattapha, S.",https://www.researchgate.net/profile/Yotsawate_Sirichamorn/publication/307139236_Phytotaxa_Sirichamorn/links/57c2cd3008aeb95224db99a2.pdf
101,"Hypodematium (Polypodiaceae, Hypodematioideae) ",Plant (orchid cactus),Cant see citation without subscribing ?,Thailand ,"PUTTAMON PONGKAI, LI-BING ZHANG, ROSSARIN POLLAWATN",http://dx.doi.org/10.11646/phytotaxa.286.3.7
44,Rhinolophus refulgens,Bat,"Soisook, P., Karapan, S., Srikrachang, M., Dejtaradol, A., Nualcharoen, K., Bumrungsri, S., ... & Buś, M. M. (2016). Hill forest dweller: a new cryptic species of Rhinolophus in the'pusillus group'(Chiroptera: Rhinolophidae) from Thailand and Lao PDR. Acta Chiropterologica, 18(1), 117-139.",Thailand and Laos,"Soisook, P., Karapan, S., Srikrachang, M., Dejtaradol, A., Nualcharoen, K., Bumrungsri, S., ... & Buś, M. M.",http://www.ingentaconnect.com/content/miiz/actac/2016/00000018/00000001/art00005
45,Scutellaria tenasserimensis ,plant,"Paton, A., Suddee, S., & Bongcheewin, B. (2016). Two new species of Scutellaria (Lamiaceae) from Thailand and Burma. Kew Bulletin, 71(1), 3.",Thailand and Myanmar,"Paton, A., Suddee, S., & Bongcheewin, B.",https://link.springer.com/article/10.1007/s12225-016-9620-2
46,Scutellaria khaoyaiensis,plant,"Paton, A., Suddee, S., & Bongcheewin, B. (2016). Two new species of Scutellaria (Lamiaceae) from Thailand and Burma. Kew Bulletin, 71(1), 3.",Thailand and Myanmar,"Paton, A., Suddee, S., & Bongcheewin, B.",https://link.springer.com/article/10.1007/s12225-016-9620-2
28,Nervilia mekongensis,Plant,"Gale, Stephan W., et al. ""Studies in Asian Nervilia (Nervilieae, Epidendroideae, Orchidaceae) VI: N. mekongensis, a new species from Thailand, Cambodia, Laos and Vietnam."" Phytotaxa 247.4 (2016): 267-273.","Thailand, Cambodia, Laos and Vietnam","STEPHAN W. GALE, ANDRÉ SCHUITEMAN, SANTI WATTHANA, TOMOKI SANDO, KEOOUDONE SOUVANNAKHOUMMANE, LEONID AVERYANOV & SOMRAN SUDDEE",https://www.researchgate.net/profile/Somran_Suddee/publication/295872696_Studies_in_Asian_Nervilia_Nervilieae_Epidendroideae_Orchidaceae_VI_N_mekongensis_a_new_species_from_Thailand_Cambodia_Laos_and_Vietnam/links/56d2c88808ae059e376108ba/Studies-in-Asian-Nervilia-Nervilieae-Epidendroideae-Orchidaceae-VI-N-mekongensis-a-new-species-from-Thailand-Cambodia-Laos-and-Vietnam.pdf
116,Shinisaurus crocodilurus vietnamensis,Crocodile Lizard,"van Schingen, M., Le, M. D., Ngo, H. T., Pham, C. T., Ha, Q. Q., Nguyen, T. Q., & Ziegler, T. (2016). Is there more than one crocodile lizard? An integrative taxonomic approach reveals Vietnamese and Chinese Shinisaurus crocodilurus represent separate conservation and taxonomic units. Der Zoologische Garten, 85(5), 240-260.",Vietnam,"van Schingen, M., Le, M. D., Ngo, H. T., Pham, C. T., Ha, Q. Q., Nguyen, T. Q., & Ziegler, T.","
http://novataxa.blogspot.com/2016/07/shinisaurus-crocodilurus-vietnamensis.html"
67,Gracixalus sapaensis,Frog,"Matsui, M., Ohler, A., Eto, K., & Tao, N. T. (2016). Distinction of Gracixalus carinensis from Vietnam and Myanmar, with description of a new species. Alytes, 33.",Vietnam,"Matsui, M., Ohler, A., Eto, K., & Tao, N. T.",http://www.amphibians.org/wp-content/uploads/2017/03/Alytes_20170317_matsui.etal_.pdf
74,Odorrana mutschmanni,Frog,"NGUYEN, T. Q., LE, M. D., BONKOWSKI, M., & ZIEGLER, T. (2016). A new species of Odorrana (Amphibia: Anura: Ranidae) from Vietnam. Zootaxa, 4084(3), 421-435.",Vietnam,"NGUYEN, T. Q., LE, M. D., BONKOWSKI, M., & ZIEGLER, T.",https://biotaxa.org/Zootaxa/article/view/zootaxa.4084.3.7
29,Dixonius minhlei,Gecko,"Ziegler, Thomas, et al. ""First molecular verification of Dixonius vietnamensis Das, 2004 (Squamata: Gekkonidae) with the description of a new species from Vinh Cuu Nature Reserve, Dong Nai Province, Vietnam."" Zootaxa 4136.3 (2016): 553-566.",Vietnam,"Thomas Ziegler, Andreas Botov, Tao Thien Nguyen, Aaron M. Bauer, Ian G. Brennan, Hanh Thi Ngo, Truong Quang Nguyen",https://www.researchgate.net/profile/Truong_Nguyen2/publication/304994112_First_molecular_verification_of_Dixonius_vietnamensis_Das_2004_Squamata_Gekkonidae_with_the_description_of_a_new_species_from_Vinh_Cuu_Nature_Reserve_Dong_Nai_Province_Vietnam/links/5784a6c108aee45b84445da5.pdf
91,Cyrtodactylus soni,Gecko,"Le, D. T., Nguyen, T. Q., Le, M. D., & Ziegler, T. (2016). A new species of Cyrtodactylus (Squamata: Gekkonidae) from Ninh Binh Province, Vietnam. Zootaxa, 4162(2), 268-282.",Vietnam,"Le, D. T., Nguyen, T. Q., Le, M. D., & Ziegler, T.",https://biotaxa.org/Zootaxa/article/view/zootaxa.4162.2.4
47,Euroscaptor orlovi,Mole,"Zemlemerova, E. D., Bannikova, A. A., Lebedev, V. S., Rozhnov, V. V., & Abramov, A. V. (2016). Secrets of the underground Vietnam: an underestimated species diversity of Asian moles (Lipotyphla: Talpidae: Euroscaptor). Proceedings of the Zoological Institute RAS, 320(2), 193-220.",Vietnam,"Zemlemerova, E. D., Bannikova, A. A., Lebedev, V. S., Rozhnov, V. V., & Abramov, A. V.",http://www.zin.ru/journals/trudyzin/doc/vol_320_2/TZ_320_2_Zemlemerova.pdf
48,Euroscaptor kuznetsovi,Mole,"Zemlemerova, E. D., Bannikova, A. A., Lebedev, V. S., Rozhnov, V. V., & Abramov, A. V. (2016). Secrets of the underground Vietnam: an underestimated species diversity of Asian moles (Lipotyphla: Talpidae: Euroscaptor). Proceedings of the Zoological Institute RAS, 320(2), 193-220.",Vietnam,"Zemlemerova, E. D., Bannikova, A. A., Lebedev, V. S., Rozhnov, V. V., & Abramov, A. V.",http://www.zin.ru/journals/trudyzin/doc/vol_320_2/TZ_320_2_Zemlemerova.pdf
5,Peliosanthes aperta,Plant,"Averyanov, Leonid V., et al. ""New species of Ophiopogon, Peliosanthes and Tupistra (Asparagaceae sl) in the flora of Vietnam."" Nordic journal of botany 34.1 (2016): 23-37.",Vietnam,"Leonid V. Averyanov, Noriyuki Tanaka, Khang Sin Nguyen, Ba Vuong Truong, Duc Trong Nghiem, Tien Hiep Nguyen",http://onlinelibrary.wiley.com/doi/10.1111/njb.00854/full
6,Peliosanthes elegans,Plant,"Averyanov, Leonid V., et al. ""New species of Ophiopogon, Peliosanthes and Tupistra (Asparagaceae sl) in the flora of Vietnam."" Nordic journal of botany 34.1 (2016): 23-37.",Vietnam,"Leonid V. Averyanov,  Noriyuki Tanaka, Khang Sin Nguyen, Ba Vuong Truong, Duc Trong Nghiem, Tien Hiep Nguyen",http://onlinelibrary.wiley.com/doi/10.1111/njb.00854/full
7,Peliosanthes kenhillii,Plant,"Averyanov, Leonid V., et al. ""New species of Ophiopogon, Peliosanthes and Tupistra (Asparagaceae sl) in the flora of Vietnam."" Nordic journal of botany 34.1 (2016): 23-37.",Vietnam,"Leonid V. Averyanov,  Noriyuki Tanaka, Khang Sin Nguyen, Ba Vuong Truong, Duc Trong Nghiem, Tien Hiep Nguyen",http://onlinelibrary.wiley.com/doi/10.1111/njb.00854/full
8,Tupistra densiflora,Plant,"Averyanov, Leonid V., et al. ""New species of Ophiopogon, Peliosanthes and Tupistra (Asparagaceae sl) in the flora of Vietnam."" Nordic journal of botany 34.1 (2016): 23-37.",Vietnam,"Leonid V. Averyanov,  Noriyuki Tanaka, Khang Sin Nguyen, Ba Vuong Truong, Duc Trong Nghiem, Tien Hiep Nguyen",http://onlinelibrary.wiley.com/doi/10.1111/njb.00854/full
9,Tupistra patula,Plant,"Averyanov, Leonid V., et al. ""New species of Ophiopogon, Peliosanthes and Tupistra (Asparagaceae sl) in the flora of Vietnam."" Nordic journal of botany 34.1 (2016): 23-37.",Vietnam,"Leonid V. Averyanov,  Noriyuki Tanaka, Khang Sin Nguyen, Ba Vuong Truong, Duc Trong Nghiem, Tien Hiep Nguyen",http://onlinelibrary.wiley.com/doi/10.1111/njb.00854/full
11,Cleisostoma yersinii,plant,"Ponert, Jan, et al. ""A new species of Cleisostoma (Orchidaceae) from the Hon Ba Nature Reserve in Vietnam: A multidisciplinary assessment."" PloS one 11.3 (2016): e0150631.",Vietnam,"Jan Ponert, Pavel Travnicek, Truong Ba Vuong, Romana Rybkova, Jan Suda",http://journals.plos.org/plosone/article?id=10.1371/journal.pone.0150631
23,Camellia luteopallida ,Plant,"Luu, Hong Truong, Tran Quoc Trung Nguyen, and Quoc Dat Nguyen. ""Camellia luteopallida (Theaceae), a new species from Vietnam."" Annales Botanici Fennici. Finnish Zoological and Botanical Publishing Board, 2016.",Vietnam,"Van Dung Luong , Hong Truong Luu , Tran Quoc Trung Nguyen & Quoc Dat Nguyen ",http://www.bioone.org/doi/full/10.5735/085.053.0224
24,Aerobryum brevicuspis,Plant,"He, Si, and Khang Sinh Nguyen. ""Aerobryum brevicuspis S. He (Brachytheciaceae), a new species from northern Vietnam."" Journal of Bryology 38.3 (2016): 230-234.",Vietnam,Si He and Khang Sinh Nguyen,http://www.tandfonline.com/doi/abs/10.1080/03736687.2016.1145524
35,Aspidistra atrata,Plant,"Leonid V. Averyanov, H.-J. Tillich, Guo Xiaoming, Quang H. Bui & Khang S. Nguyen ""Three new species of Aspidistra (Convallariaceae)
from Vietnam."" Wulfenia 23 (2016): 57–67.",Vietnam,"Leonid V. Averyanov, H.-J. Tillich, Guo Xiaoming, Quang H. Bui & Khang S. Nguyen",https://www.rufford.org/files/Wulfenia%2023%20(2016)%2057-67.pdf
36,Aspidistra graminifolia,Plant,"Leonid V. Averyanov, H.-J. Tillich, Guo Xiaoming, Quang H. Bui & Khang S. Nguyen ""Three new species of Aspidistra (Convallariaceae)
from Vietnam."" Wulfenia 23 (2016): 57–67.",Vietnam,"Leonid V. Averyanov, H.-J. Tillich, Guo Xiaoming, Quang H. Bui & Khang S. Nguyen",https://www.rufford.org/files/Wulfenia%2023%20(2016)%2057-67.pdf
37,Aspidistra zhangii,Plant,"Leonid V. Averyanov, H.-J. Tillich, Guo Xiaoming, Quang H. Bui & Khang S. Nguyen ""Three new species of Aspidistra (Convallariaceae)
from Vietnam."" Wulfenia 23 (2016): 57–67.",Vietnam,"Leonid V. Averyanov, H.-J. Tillich, Guo Xiaoming, Quang H. Bui & Khang S. Nguyen",https://www.rufford.org/files/Wulfenia%2023%20(2016)%2057-67.pdf
38,Aspidistra averyanovii,Plant,"NGỌC-SÂM LÝ & HANS- JUERGEN TILLICH ""Aspidistra averyanovii and A. parviflora (Asparagaceae), two new species Central
Vietnam"" Phytotaxa 282 (1): 053–060",Vietnam,NGỌC-SÂM LÝ & HANS- JUERGEN TILLICH,https://www.researchgate.net/profile/Ngoc_Sam_Ly/publication/309447860_Aspidistra_averyanovii_and_A_Parviflora_Asparagaceae_two_new_species_Central_Vietnam/links/581ece1908ae40da2caf198f.pdf
39,Aspidistra parviflora,Plant,"NGỌC-SÂM LÝ & HANS- JUERGEN TILLICH ""Aspidistra averyanovii and A. parviflora (Asparagaceae), two new species Central
Vietnam"" Phytotaxa 282 (1): 053–060",Vietnam,NGỌC-SÂM LÝ & HANS- JUERGEN TILLICH,https://www.researchgate.net/profile/Ngoc_Sam_Ly/publication/309447860_Aspidistra_averyanovii_and_A_Parviflora_Asparagaceae_two_new_species_Central_Vietnam/links/581ece1908ae40da2caf198f.pdf
40,Polystichum quangbinhense,Plant,"Lu, T. N., Zhang, L., Nguyen, D. T., & Zhang, L. B. (2016). Polystichum quangbinhense sp. nov.(subg. Haplopolystichum; Dryopteridaceae), the southernmost cave species of Polystichum from central Vietnam. Phytotaxa, 283(3), 295-299.",Vietnam,"Lu, T. N., Zhang, L., Nguyen, D. T., & Zhang, L. B.",https://www.researchgate.net/profile/Ngan_Lu/publication/309752644_Polystichum_quangbinhense_sp_nov_subg_Haplopolystichum_Dryopteridaceae_the_southernmost_cave_species_of_Polystichum_from_central_Vietnam/links/5829f0f608ae102f071ee1b3.pdf
43,Bidoupia phongii,Plant,"Averyanov, L. V., Ormerod, P. A., Van Duy, N., Van Tien, T., Chen, T., & Zhang, D. X. (2016). Bidoupia phongii, new orchid genus and species (Orchidaceae, Orchidoideae, Goodyerinae) from southern Vietnam. Phytotaxa, 266(4), 289-294.",Vietnam,"Averyanov, L. V., Ormerod, P. A., Van Duy, N., Van Tien, T., Chen, T., & Zhang, D. X. (2016).",http://www.hoalanvietnam.org/2A_es/3ns/Phytotaxa-2016-Bidupia.pdf
52,Ophiopogon alatus,Plant,"Averyanov, L. V., Tanaka, N., Nguyen, K. S., & Nguyen, T. H. (2016). New Species of Ophiopogon and Peliosanthes (Asparagaceae) from Laos and Vietnam. Taiwania, 61(3), 201-217.",Vietnam,"Averyanov, L. V., Tanaka, N., Nguyen, K. S., & Nguyen, T. H.",http://tai2.ntu.edu.tw/taiwania/abstract.php?id=1458
53,Ophiopogon erectus,Plant,"Averyanov, L. V., Tanaka, N., Nguyen, K. S., & Nguyen, T. H. (2016). New Species of Ophiopogon and Peliosanthes (Asparagaceae) from Laos and Vietnam. Taiwania, 61(3), 201-217.",Vietnam,"Averyanov, L. V., Tanaka, N., Nguyen, K. S., & Nguyen, T. H.",http://tai2.ntu.edu.tw/taiwania/abstract.php?id=1458
56,Peliosanthes splendens,Plant,"Averyanov, L. V., Tanaka, N., Nguyen, K. S., & Nguyen, T. H. (2016). New Species of Ophiopogon and Peliosanthes (Asparagaceae) from Laos and Vietnam. Taiwania, 61(3), 201-217.",Vietnam,"Averyanov, L. V., Tanaka, N., Nguyen, K. S., & Nguyen, T. H.",http://tai2.ntu.edu.tw/taiwania/abstract.php?id=1458
57,Peliosanthes kenhilloides,plant,"Averyanov, L. V., Tanaka, N., Nguyen, K. S., & Nguyen, T. H. (2016). New Species of Ophiopogon and Peliosanthes (Asparagaceae) from Laos and Vietnam. Taiwania, 61(3), 201-217.",Vietnam,"Averyanov, L. V., Tanaka, N., Nguyen, K. S., & Nguyen, T. H.",http://tai2.ntu.edu.tw/taiwania/abstract.php?id=1458
62,Cayratia cheniana,Plant,"Lu, L., Wen, J., & Chen, Z. (2016). Cayratia cheniana (Vitaceae): an endangered new species endemic to the limestone mountains of Ninh Thuan province, Vietnam. Systematic Botany.",Vietnam,"Lu, L., Wen, J., & Chen, Z.",http://www.bioone.org/doi/full/10.1600/036364416X690741
65,Lagerstroemia densiflora,Plant,"Wilde, W. J. D., & Duyfjes, B. E. (2016). Survey of Lagerstroemia L.(Lythraceae) in Indochina (excl. Thailand) with the description of Lagerstroemia densiflora, sp. nov., a new species from Vietnam. Adansonia, 38(2), 241-255.",Vietnam,"Wilde, W. J. D., & Duyfjes, B. E.",http://www.bioone.org/doi/abs/10.5252/a2016n2a8
66,Aristolochia bidoupensis,Plant,"Do, T., Wanke, S., & Neinhuis, C. (2016). Aristolochia bidoupensis sp. nov. from southern Vietnam. Nordic Journal of Botany, 34(5), 513-516.",Vietnam,"Do, T., Wanke, S., & Neinhuis, C.",http://onlinelibrary.wiley.com/doi/10.1111/njb.01066/full
70,Trichosanthes conferta,Plant,"Duyfjes, B. E. E., Nuraliev, M. S., Luu, H. T., Huynh, N. T., Ngo, V. C., Kuznetsov, A. N., & Kuznetsova, S. P. (2016). Two new species and one new species record of Trichosanthes (Cucurbitaceae) from Vietnam. Blumea-Biodiversity, Evolution and Biogeography of Plants, 61(3), 267-271.",Vietnam,"Duyfjes, B. E. E., Nuraliev, M. S., Luu, H. T., Huynh, N. T., Ngo, V. C., Kuznetsov, A. N., & Kuznetsova, S. P.",http://www.ingentaconnect.com/content/nhn/blumea/2016/00000061/00000003/art00008
71,Trichosanthes epibracteata,Plant,"Duyfjes, B. E. E., Nuraliev, M. S., Luu, H. T., Huynh, N. T., Ngo, V. C., Kuznetsov, A. N., & Kuznetsova, S. P. (2016). Two new species and one new species record of Trichosanthes (Cucurbitaceae) from Vietnam. Blumea-Biodiversity, Evolution and Biogeography of Plants, 61(3), 267-271.",Vietnam,"Duyfjes, B. E. E., Nuraliev, M. S., Luu, H. T., Huynh, N. T., Ngo, V. C., Kuznetsov, A. N., & Kuznetsova, S. P.",http://www.ingentaconnect.com/content/nhn/blumea/2016/00000061/00000003/art00008
73,Lithocarpus dahuoaiensis,Plant,"Van Ngoc, N., Van Dung, L., Tagane, S., Binh, H. T., Son, H. T., Trung, V. Q., & Yahara, T. (2016). Lithocarpus dahuoaiensis (Fagaceae), a new species from Lam Dong Province, Vietnam. PhytoKeys, (69), 23.",Vietnam,"Van Ngoc, N., Van Dung, L., Tagane, S., Binh, H. T., Son, H. T., Trung, V. Q., & Yahara, T.",https://www.ncbi.nlm.nih.gov/pmc/articles/PMC5029137/
76,Camellia quangcuongii,Plant,"Van DUNG, L., SON, H. T., Tran, N. I. N. H., & NHAN, P. H. (2016). Camellia quangcuongii (Theaceae), a New Species from Vietnam. J. Jpn. Bot, 91, 226-230.",Vietnam,"Van DUNG, L., SON, H. T., Tran, N. I. N. H., & NHAN, P. H.",https://www.researchgate.net/profile/Hoang_Son3/publication/306352671_Camellia_quangcuongii_Theaceae_a_New_Species_from_Vietnam/links/57bbefc408ae9fdf82ef16df.pdf
79,Lilium procumbens,Plant,"Averyanov, L. V., Tanaka, N., & Nguyen, K. S. (2016). New Species-Lilium procumbens and its Allies in the Flora of Vietnam. Taiwania, 61(1), 1-7.",Vietnam,"Averyanov, L. V., Tanaka, N., & Nguyen, K. S.",http://www.airitilibrary.com/Publication/alDetailedMesh?DocID=0372333X-201603-201603150001-201603150001-1-7
80,Eustigma honbaense,Plant,"Toyama, H., Tagane, S., Van Son Dang, H. T., Nagamasu, H., Naiki, A., & Yahara, T. (2016). A new species of Eustigma (Hamamelidaceae) from Hon Ba Nature Reserve, Vietnam. PhytoKeys, (65), 47.",Vietnam,"Toyama, H., Tagane, S., Van Son Dang, H. T., Nagamasu, H., Naiki, A., & Yahara, T.",https://www.ncbi.nlm.nih.gov/pmc/articles/PMC4957022/
81,Schizostachyum langbianense,Plant,"Van Tien, T., Xia, N., Wong, K. M., Phan, N. H. T., VAN, D. N., & TIEN, C. V. (2016). Schizostachyum langbianense, a new species of bamboo (Poaceae: Bambusoideae) from Lang Bian Mountain, Vietnam. Phytotaxa, 257(2), 181-186.",Vietnam,"Van Tien, T., Xia, N., Wong, K. M., Phan, N. H. T., VAN, D. N., & TIEN, C. V.",https://biotaxa.org/Phytotaxa/article/view/phytotaxa.257.2.8
90,Goniothalamus banii,Plant,"Quang, B. H., Choudhary, R. K., Chinh, V. T., Cuong, N. T., Xuyen, D. T., Hai, D. V., ... & Tien, T. V. (2016). Goniothalamus banii sp. nov.(Annonaceace) from Thanh Hoa, Vietnam. Nordic Journal of Botany, 34(6), 690-693.",Vietnam,"Quang, B. H., Choudhary, R. K., Chinh, V. T., Cuong, N. T., Xuyen, D. T., Hai, D. V., ... & Tien, T. V.",http://onlinelibrary.wiley.com/doi/10.1111/njb.01174/full
92,Sirindhornia emmeli,Plant,"Heppner, J. B., & Bae, Y. S. (2016). Two new species of Sirindhornia from Vietnam (Lepidoptera: Tortricidae: Olethreutinae: Enarmoniini). Zootaxa, 4173(4), 389-395.",Vietnam,"Heppner, J. B., & Bae, Y. S.",http://europepmc.org/abstract/med/27811829
93,Sirindhornia ninhbinhensis,Plant,"Heppner, J. B., & Bae, Y. S. (2016). Two new species of Sirindhornia from Vietnam (Lepidoptera: Tortricidae: Olethreutinae: Enarmoniini). Zootaxa, 4173(4), 389-395.",Vietnam,"Heppner, J. B., & Bae, Y. S.",http://europepmc.org/abstract/med/27811829
97,Popowia bachmaensis,Plant,"Van Ngoc, N., Tagane, S., Binh, H. T., Toyama, H., Okabe, N., Duy, C. N., & Yahara, T. (2016). Popowia bachmaensis (Annonaceae), a new species from Bach Ma National Park, Central Vietnam. PhytoKeys, (65), 125.",Vietnam,"Van Ngoc, N., Tagane, S., Binh, H. T., Toyama, H., Okabe, N., Duy, C. N., & Yahara, T.",https://www.ncbi.nlm.nih.gov/pmc/articles/PMC4957027/
99,Arisaema langbiangense,Plant,"Van, H. T., Nguyen-Phi, N., & Luu, H. T. (2016). A new species of Arisaema (Araceae) from Vietnam. Phytotaxa, 277(1), 90-94.",Vietnam,"Van, H. T., Nguyen-Phi, N., & Luu, H. T.",https://biotaxa.org/Phytotaxa/article/view/phytotaxa.277.1.9
112, Liparis (Orchidaceae) ,Plant,"Averyanov, L. V., Vuong, T. B., & Tam, T. Q. (2016). The genus Liparis (Orchidaceae) in Hon Ba nature reserve, Vietnam, Khanh Hoa province. Turczaninowia.",Vietnam,"L. V. Averyanov,Truong Ba Vuong, Truong Quang Tam",http://turczaninowia.asu.ru/
113,Thismia (T hism iaceae),Plant,"Larsen, K., & Averyanov, L. V. (2016). Thismia annamensis and T. tentaculata, two new species of the family of Thismiaceae from central Vietnam. VNU Journal of Science: Natural Sciences and Technology, 23(4).",Vietnam,"Kai Larsen, Leonid V. Averyanov",
100,Boeica ornithocephalantha (Gesneriaceae),Plant (flowering),"Wen, Fang & Do, Truong & Hong, X & Maciejewski, S & Wei, Y.G.. (2016). Boeica ornithocephalantha (Gesneriaceae), a new species from northern Vietnam. Gardens’ Bulletin Singapore. 68. 139. 10.3850/S2382581216000107. ",Vietnam,"F. Wen1,2, T.V. Do3
, X. Hong4
, S. Maciejewski2,5 & Y.G. Wei1,2,*",https://www.sbg.org.sg/images/4_4_Research_Gardens_Bulletin/4_4_68_1_pdf_Vol_68_Part_1_2016/4_4_68_1_139_y2016_V68P1_GBS_pg139.pdf 
98,Oligodon condaoensis,Snake,"Nguyen, S. N., Nguyen, V. D. H., Le, S. H., & Murphy, R. W. (2016). A new species of kukri snake (Squamata: Colubridae: Oligodon Fitzinger, 1826) from Con Dao Islands, southern Vietnam. Zootaxa, 4139(2), 261-273.",Vietnam,"Nguyen, S. N., Nguyen, V. D. H., Le, S. H., & Murphy, R. W.",https://biotaxa.org/Zootaxa/article/view/zootaxa.4139.2.9
117,,,,,,
120,,,,,,
121,,,,,,
122,,,,,,
123,,,,,,
126,,,,,,
127,,,,,,
128,,,,,,
129,,,,,,
130,,,,,,
131,,,,,,
132,,,,,,
133,,,,,,
134,,,,,,
135,,,,,,
136,,,,,,
137,,,,,,
138,,,,,,
139,,,,,,
140,,,,,,
141,,,,,,
142,,,,,,
143,,,,,,
144,,,,,,
145,,,,,,
146,,,,,,
147,,,,,,
148,,,,,,
149,,,,,,
150,,,,,,
157,,,,,,
158,,,,,,
159,,,,,,
160,,,,,,
161,,,,,,
162,,,,,,
163,,,,,,
164,,,,,,
165,,,,,,
166,,,,,,
167,,,,,,
168,,,,,,
169,,,,,,
170,,,,,,
171,,,,,,
172,,,,,,
173,,,,,,
174,,,,,,
175,,,,,,
176,,,,,,
177,,,,,,
178,,,,,,
179,,,,,,
180,,,,,,
181,,,,,,
182,,,,,,
183,,,,,,
184,,,,,,
185,,,,,,
186,,,,,,
187,,,,,,
188,,,,,,
189,,,,,,
190,,,,,,
191,,,,,,
192,,,,,,
193,,,,,,
194,,,,,,
195,,,,,,
196,,,,,,
197,,,,,,
198,,,,,,
199,,,,,,
200,,,,,,
201,,,,,,
202,,,,,,
203,,,,,,
204,,,,,,
205,,,,,,
206,,,,,,
207,,,,,,
208,,,,,,
209,,,,,,
210,,,,,,
211,,,,,,
212,,,,,,
213,,,,,,
214,,,,,,
215,,,,,,
216,,,,,,
217,,,,,,
218,,,,,,
219,,,,,,
220,,,,,,
221,,,,,,
222,,,,,,
223,,,,,,
224,,,,,,
225,,,,,,
226,,,,,,
227,,,,,,
228,,,,,,
229,,,,,,
230,,,,,,
231,,,,,,
232,,,,,,
233,,,,,,
234,,,,,,
235,,,,,,
236,,,,,,
237,,,,,,
238,,,,,,
239,,,,,,
240,,,,,,
241,,,,,,